movie_id,poster_file
tt0369610,tt0369610.jpg
tt3774694,tt3774694.jpg
tt2361509,tt2361509.jpg
tt2381249,tt2381249.jpg
tt3460252,tt3460252.jpg
tt1392190,tt1392190.jpg
tt3397884,tt3397884.jpg
tt1596363,tt1596363.jpg
tt3659388,tt3659388.jpg
tt1663202,tt1663202.jpg
tt2140379,tt2140379.jpg
tt2494362,tt2494362.jpg
tt4263482,tt4263482.jpg
tt2395427,tt2395427.jpg
tt3569230,tt3569230.jpg
tt1895587,tt1895587.jpg
tt1638355,tt1638355.jpg
tt2488496,tt2488496.jpg
tt3464902,tt3464902.jpg
tt3076658,tt3076658.jpg
tt2096673,tt2096673.jpg
tt2379713,tt2379713.jpg
tt0478970,tt0478970.jpg
tt1951266,tt1951266.jpg
tt1661199,tt1661199.jpg
tt2140479,tt2140479.jpg
tt3748528,tt3748528.jpg
tt2543164,tt2543164.jpg
tt4016934,tt4016934.jpg
tt2119532,tt2119532.jpg
tt3783958,tt3783958.jpg
tt2948356,tt2948356.jpg
tt3799694,tt3799694.jpg
tt2674426,tt2674426.jpg
tt4972582,tt4972582.jpg
tt5700672,tt5700672.jpg
tt4846340,tt4846340.jpg
tt1431045,tt1431045.jpg
tt5311514,tt5311514.jpg
tt4975722,tt4975722.jpg
tt4034228,tt4034228.jpg
tt2404435,tt2404435.jpg
tt2975590,tt2975590.jpg
tt3470600,tt3470600.jpg
tt2582782,tt2582782.jpg
tt3521164,tt3521164.jpg
tt3110958,tt3110958.jpg
tt3498820,tt3498820.jpg
tt0490215,tt0490215.jpg
tt4257926,tt4257926.jpg
tt1856101,tt1856101.jpg
tt5052448,tt5052448.jpg
tt1396484,tt1396484.jpg
tt1959563,tt1959563.jpg
tt4425200,tt4425200.jpg
tt3829920,tt3829920.jpg
tt5013056,tt5013056.jpg
tt5726616,tt5726616.jpg
tt2283362,tt2283362.jpg
tt1485796,tt1485796.jpg
tt1790809,tt1790809.jpg
tt3532216,tt3532216.jpg
tt5362988,tt5362988.jpg
tt3501632,tt3501632.jpg
tt5027774,tt5027774.jpg
tt3890160,tt3890160.jpg
tt2380307,tt2380307.jpg
tt5580390,tt5580390.jpg
tt3315342,tt3315342.jpg
tt2250912,tt2250912.jpg
tt5638642,tt5638642.jpg
tt5776858,tt5776858.jpg
tt4481414,tt4481414.jpg
tt0974015,tt0974015.jpg
tt2527336,tt2527336.jpg
tt4881806,tt4881806.jpg
tt4912910,tt4912910.jpg
tt6966692,tt6966692.jpg
tt7784604,tt7784604.jpg
tt4154756,tt4154756.jpg
tt1825683,tt1825683.jpg
tt4633694,tt4633694.jpg
tt6499752,tt6499752.jpg
tt1259528,tt1259528.jpg
tt2798920,tt2798920.jpg
tt7040874,tt7040874.jpg
tt6644200,tt6644200.jpg
tt1677720,tt1677720.jpg
tt2704998,tt2704998.jpg
tt1517451,tt1517451.jpg
tt7401588,tt7401588.jpg
tt1226837,tt1226837.jpg
tt1270797,tt1270797.jpg
tt8267604,tt8267604.jpg
tt5083738,tt5083738.jpg
tt1727824,tt1727824.jpg
tt5463162,tt5463162.jpg
tt2873282,tt2873282.jpg
tt3104988,tt3104988.jpg
tt3778644,tt3778644.jpg
tt6751668,tt6751668.jpg
tt7131622,tt7131622.jpg
tt1950186,tt1950186.jpg
tt4154796,tt4154796.jpg
tt8946378,tt8946378.jpg
tt8772262,tt8772262.jpg
tt8367814,tt8367814.jpg
tt7547410,tt7547410.jpg
tt7286456,tt7286456.jpg
tt2386490,tt2386490.jpg
tt6146586,tt6146586.jpg
tt8579674,tt8579674.jpg
tt6857112,tt6857112.jpg
tt2527338,tt2527338.jpg
tt1302006,tt1302006.jpg
tt3281548,tt3281548.jpg
tt0103639,tt0103639.jpg
tt5727208,tt5727208.jpg
tt8613070,tt8613070.jpg
tt7984734,tt7984734.jpg
tt7798634,tt7798634.jpg
tt4139588,tt4139588.jpg
tt7349950,tt7349950.jpg
tt2584384,tt2584384.jpg
tt1488606,tt1488606.jpg
tt7556122,tt7556122.jpg
tt8503618,tt8503618.jpg
tt6723592,tt6723592.jpg
tt9484998,tt9484998.jpg
tt2106476,tt2106476.jpg
tt10272386,tt10272386.jpg
tt9620292,tt9620292.jpg
tt10288566,tt10288566.jpg
tt1051906,tt1051906.jpg
tt7395114,tt7395114.jpg
tt6048922,tt6048922.jpg
tt2948372,tt2948372.jpg
tt8936646,tt8936646.jpg
tt3794354,tt3794354.jpg
tt8633478,tt8633478.jpg
tt7737786,tt7737786.jpg
tt9214832,tt9214832.jpg
tt11032374,tt11032374.jpg
tt7711170,tt7711170.jpg
tt5867314,tt5867314.jpg
tt7846844,tt7846844.jpg
tt6772802,tt6772802.jpg
tt8332922,tt8332922.jpg
tt1911644,tt1911644.jpg
tt7939766,tt7939766.jpg
tt1160419,tt1160419.jpg
tt7888964,tt7888964.jpg
tt10872600,tt10872600.jpg
tt2382320,tt2382320.jpg
tt11083552,tt11083552.jpg
tt9032400,tt9032400.jpg
tt6334354,tt6334354.jpg
tt3480822,tt3480822.jpg
tt9620288,tt9620288.jpg
tt8385148,tt8385148.jpg
tt10370710,tt10370710.jpg
tt11286314,tt11286314.jpg
tt11235772,tt11235772.jpg
tt7144666,tt7144666.jpg
tt9777666,tt9777666.jpg
tt10366460,tt10366460.jpg
tt6264654,tt6264654.jpg
tt12361974,tt12361974.jpg
tt9376612,tt9376612.jpg
tt11271038,tt11271038.jpg
tt2953050,tt2953050.jpg
tt9639470,tt9639470.jpg
tt6856242,tt6856242.jpg
tt7991608,tt7991608.jpg
tt9421570,tt9421570.jpg
tt1745960,tt1745960.jpg
tt8760708,tt8760708.jpg
tt12593682,tt12593682.jpg
tt10638522,tt10638522.jpg
tt15791034,tt15791034.jpg
tt1877830,tt1877830.jpg
tt13560574,tt13560574.jpg
tt9764362,tt9764362.jpg
tt11866324,tt11866324.jpg
tt6710474,tt6710474.jpg
tt10640346,tt10640346.jpg
tt9114286,tt9114286.jpg
tt11813216,tt11813216.jpg
tt19770238,tt19770238.jpg
tt18925334,tt18925334.jpg
tt11138512,tt11138512.jpg
tt15325794,tt15325794.jpg
tt1649418,tt1649418.jpg
tt11564570,tt11564570.jpg
tt10731256,tt10731256.jpg
tt10954984,tt10954984.jpg
tt1464335,tt1464335.jpg
tt1630029,tt1630029.jpg
tt15474916,tt15474916.jpg
tt10648342,tt10648342.jpg
tt15398776,tt15398776.jpg
tt9603212,tt9603212.jpg
tt10366206,tt10366206.jpg
tt22375054,tt22375054.jpg
tt10545296,tt10545296.jpg
tt15671028,tt15671028.jpg
tt26047818,tt26047818.jpg
tt5884796,tt5884796.jpg
tt3107288,tt3107288.jpg
tt1517268,tt1517268.jpg
tt14230458,tt14230458.jpg
tt9362722,tt9362722.jpg
tt5537002,tt5537002.jpg
tt20215968,tt20215968.jpg
tt13238346,tt13238346.jpg
tt4495098,tt4495098.jpg
tt17351924,tt17351924.jpg
tt6791350,tt6791350.jpg
tt7160372,tt7160372.jpg
tt23849204,tt23849204.jpg
tt11858890,tt11858890.jpg
tt21064584,tt21064584.jpg
tt17009710,tt17009710.jpg
tt2906216,tt2906216.jpg
tt4873118,tt4873118.jpg
tt5040012,tt5040012.jpg
tt28015403,tt28015403.jpg
tt9218128,tt9218128.jpg
tt28607951,tt28607951.jpg
tt1262426,tt1262426.jpg
tt27131358,tt27131358.jpg
tt17526714,tt17526714.jpg
tt8999762,tt8999762.jpg
tt11563598,tt11563598.jpg
tt15239678,tt15239678.jpg
tt12584954,tt12584954.jpg
tt29623480,tt29623480.jpg
tt20215234,tt20215234.jpg
tt26625693,tt26625693.jpg
tt5177120,tt5177120.jpg
tt12037194,tt12037194.jpg
tt27534307,tt27534307.jpg
tt15314262,tt15314262.jpg
tt14961016,tt14961016.jpg
tt18259086,tt18259086.jpg
tt21382296,tt21382296.jpg
tt28249919,tt28249919.jpg
tt17279496,tt17279496.jpg
tt27403986,tt27403986.jpg
